nombre, apellido, dui, telefono, correo
Alexandr,Simondson,20700033-1, 7617667,asimondson0@nba.com
Danita,Detloff,83313224-7, 2850865,ddetloff1@dedecms.com
Idalia,Tavernor,38612683-0, 9269803,itavernor2@pinterest.com
Wrennie,Higbin,07527658-4, 6954735,whigbin3@wordpress.com
Edik,Walwood,51653945-5, 8146622,ewalwood4@cbsnews.com
Bel,Trank,30405215-2, 6005557,btrank5@nbcnews.com
Lavena,Bendelow,96585208-9,3185551,lbendelow6@woothemes.com
Selle,Alldritt,29977719-5, 3220745,salldritt7@nih.gov
Shane,Broderick,48266283-6, 8401430,sbroderick8@go.com
Haskel,Rotte,75893709-5, 7086310,hrotte9@sfgate.com
Del,Steiner,62175775-2, 8253173,dsteinera@hp.com
Ellette,Pallent,37150460-3,7753479,epallentb@arstechnica.com
Roshelle,Decroix,26888162-0,8899764,rdecroixc@disqus.com
Jarid,Stiddard,77058969-9,5308718,jstiddardd@berkeley.edu
Ardisj,Battell,90528530-3, 9453142,abattelle@google.de
Diannne,Stamp,77778571-2,7952867,dstampf@mashable.com
Tiffanie,Winkle,55070791-8, 2042722,twinkleg@geocities.com
Valentijn,Crebott,45596311-8,6865681,vcrebotth@berkeley.edu
Lilia,Seed,66135474-0, 7005005,lseedi@bigcartel.com
Teressa,Tournay,90898429-1,5080190,ttournayj@godaddy.com
Moishe,Bottle,60823983-9, 9152511,mbottlek@google.co.jp
Hermione,Shipley,02909168-9, 7831045,hshipleyl@angelfire.com
Claire,Giurio,03011957-9, 9316291,cgiuriom@ftc.gov
Juli,Pointer,07460972-8,2201845,jpointern@icq.com
Raynell,Mahaddy,25714265-2,3533215,rmahaddyo@free.fr
Evvie,Faucett,19344111-1, 3284678,efaucettp@jiathis.com
Zeb,Arnli,22514178-4, 4450561,zarnliq@list-manage.com
Fae,Meedendorpe,97920822-3, 4184686,fmeedendorper@examiner.com
Mildrid,Bloxsom,09053748-6, 1567990,mbloxsoms@bravesites.com
Cornell,Van Baaren,56544849-1, 7986187,cvanbaarent@cdbaby.com
Leonardo,De Filippis,51392825-3,3276662,ldefilippisu@wikimedia.org
Merralee,Piddlesden,88237317-2, 4011113,mpiddlesdenv@nsw.gov.au
Ottilie,Willimont,02370404-7, 5207945,owillimontw@webeden.co.uk
Laetitia,Hebburn,11121946-2, 6781995,lhebburnx@canalblog.com
Penny,Coale,24219274-6,4468844,pcoaley@cpanel.net
Debra,Giraldo,06590250-2, 2958232,dgiraldoz@youku.com
Clayson,Spoors,39679177-2,5955868,cspoors10@rediff.com
Waldemar,Fitzpayn,60538259-7, 7886619,wfitzpayn11@sohu.com
Romola,Embra,45718473-6, 2525844,rembra12@paypal.com
Blinnie,Skottle,03281929-1,9677997,bskottle13@blogger.com
Lucia,Matyushenko,91426500-9, 2835094,lmatyushenko14@uol.com.br
Corry,Shopcott,59288994-7,8308269,cshopcott15@huffingtonpost.com
Knox,Dami,54331576-6, 4901558,kdami16@cornell.edu
Kasey,Leyban,58371511-9, 1025180,kleyban17@creativecommons.org
Moria,Dobrovolski,76837362-2, 9464570,mdobrovolski18@opensource.org
Verne,Lasseter,19513844-8, 1266344,vlasseter19@unicef.org
Wolfgang,Harry,27318515-4,9066303,wharry1a@washingtonpost.com
Nev,Bedinham,59265839-7, 6010769,nbedinham1b@parallels.com
Jo,O'Longain,49583681-5, 4335477,jolongain1c@ftc.gov
Francisco,Albarez,03337539-2, 4764079,falbarez1d@webnode.com
